url,label,source
https://brt.jngndi.buzz/track-it,0,phishtank
https://www.dpdlocaxh.top/com,0,phishtank
https://tinyurl.com/44e5d3nk,0,phishtank
https://bit.ly/3TvShv2,0,phishtank
https://apihmg.sistemasubsolar.com.br/ch/?trck=oLNuoaAlaTZ0V62FYFQ6IPrAFCYg8JePVDEzarta,0,phishtank
https://v0-eudora-mother-s-day-e-commerce.vercel.app/,0,phishtank
https://igapaevapangandus-0000gjosvhi055qr67.indiasediasporaraad.nl,0,phishtank
https://mail-live.net-s03.net/nn/?code=680da411688bcc587abc92f3cd96ddb6,0,phishtank
https://q-r.to/bfNjLN,0,phishtank
https://biglobewemail3s.weebly.com/,0,phishtank
https://zpr.io/39TnNFXNGNaJ,0,phishtank
https://www.dpdlocakz.top/com/,0,phishtank
https://docs.google.com/presentation/d/e/2PACX-1vS04Dtuc_uzNSUQHXMct1CSfbyD8H5ZZXXOWbYHshhnyod6AB7QV5JpFM52IhAbKL-tKr5T2-a3dKY5/pub?start=false&amp;loop=false&amp;delayms=3000,0,phishtank
https://open-test-devsu-pichincha.gerson-ruiz.com/products/add,0,phishtank
https://www.flowcode.com/page/nicks01,0,phishtank
https://q-r.to/bga5SH,0,phishtank
https://roulure.jpod10884268.pro/capchat.php,0,phishtank
https://hard-bridge.wixstudio.com/en-us,0,phishtank
https://qrco.de/bgbJUd,0,phishtank
https://new.express.adobe.com/webpage/8v3VsIZ6mOd7F,0,phishtank
https://www.dropbox.com/scl/fi/8w6elymosyzuy2o38v0ms/BT-Verification-Page.paper?rlkey=2e0uxms6mdcrd27h313aynalb&dl=0,0,phishtank
https://cathoaixarles.fr//,0,phishtank
https://udp.ixx.mybluehost.me/wp-admin/DeliveryNotice/app/track.php?session=xxxxxxxxxxxxxxxxxxxxxxxxxxxxx,0,phishtank
https://nav-etorre-apps.wixstudio.com/en-us,0,phishtank
https://docs.google.com/presentation/d/e/2PACX-1vS4rM8kZqCIiIJaT9dPMRQof8A2Vuz7ZMmqKVPY2N6pZIXwGwAjQf8TCirGGKOHlbBB5l7a6rVaFiUs/pub?start=false&amp;loop=false&amp;delayms=3000,0,phishtank
https://l.ead.me/bgbFfr,0,phishtank
https://nexicom-106266.weeblysite.com/,0,phishtank
https://qrco.de/bgbRLt,0,phishtank
https://musicplayer-fc659.firebaseapp.com/,0,phishtank
https://bit.ly/467JwN5,0,phishtank
https://q-r.to/bgcVy8,0,phishtank
https://trazario.wixstudio.com/start,0,phishtank
https://www.dpdlocoei.top/com,0,phishtank
https://issam.urge843284.pro/capchat.php,0,phishtank
https://tapk.it/BThomepage,0,phishtank
https://bit.ly/49CPrtv,0,phishtank
https://bit.ly/40Bbz6y,0,phishtank
https://docs.google.com/presentation/d/e/2PACX-1vTAjonXeNhwksDfaoMc91zr80evbeMKErydlcEHqyzUPdSwBqnaLElo38m5gL0mUkFXIgTtINX62Tmn/pub?start=false&amp;loop=false&amp;delayms=3000,0,phishtank
https://sm9rtkeyxertic9.weebly.com/,0,phishtank
https://startd-live.wixstudio.com/live-en,0,phishtank
https://lumen-app-backend.firebaseapp.com/,0,phishtank
https://q-r.to/bfI49t,0,phishtank
http://arub-it.myshopify.com/,0,phishtank
https://q-r.to/bgaIJD,0,phishtank
https://l.ead.me/bgaTaQ,0,phishtank
https://14092857.xyz/17xfggji/GRHiBj/ydysVo,0,phishtank
https://klounhdtra.firebaseapp.com/,0,phishtank
https://qrco.de/bfFlSU,0,phishtank
https://starting-gets.ghost.io/us/,0,phishtank
https://docs.google.com/drawings/d/1bJc30qrGoCEsF1kf_c0O5NZcTyBio3Uki9BptOf0UAs/edit,0,phishtank
https://smartparcelchain.firebaseapp.com/,0,phishtank
https://huavadays.com,0,phishtank
http://suite57.emarsys.net/docroot.html,0,phishtank
https://www.gov-parkingwx.shop/com,0,phishtank
https://attemailbackup.boxmode.io/,0,phishtank
https://www.dropbox.com/scl/fi/ylbkr5pqwvb95x5tsb49d/VlEW-YOUR-BlLL-BELOW.paper?rlkey=7knjgohrpvyax9vm7av2vruxa&st=d6etonw3&dl=0,0,phishtank
https://universidaddeguayaquil.weebly.com/,0,phishtank
https://qrco.de/bgaBR3,0,phishtank
https://abahshah.com/,0,phishtank
https://strategic-tulip-117151.framer.app/,0,phishtank
https://amiable-essentials-848395.framer.app/,0,phishtank
https://l.ead.me/bgaSOR,0,phishtank
https://l.ead.me/bgbE66,0,phishtank
https://cxztsnation.com/dsi/,0,phishtank
https://pub-d032309cea2a431c8da17899c3ed68b2.r2.dev/index.html,0,phishtank
https://app-ledger-us.wixstudio.com/us-en,0,phishtank
https://docs.google.com/presentation/d/e/2PACX-1vQDjJ_-UQhiCX_M_a3SBz2FQ0NyGqj64znV2BDQE-NZoxUX_fh77Q9CZxnwtijC3c3tGui3FysKNd88/pub?start=false&loop=false&delayms=3000&slide=id.p,0,phishtank
https://docs.google.com/presentation/d/e/2PACX-1vTaWj7DcHv08zDzaryXbQNxWuE94PaC_fVJ8gpxuyhdloSkWGJm0HlL7kondDqFNGyCcIFSokx_tC7s/pub?start=true&amp;loop=true&amp;delayms=60000&amp;slide=id.p,0,phishtank
https://segurancappbradesco.digital/,0,phishtank
https://bit.ly/40TIpQz,0,phishtank
https://q-r.to/bfI4RR,0,phishtank
https://guidelinemetasupport.web.app/,0,phishtank
https://qrco.de/bgbF67,0,phishtank
http://verification-email2025.iceiy.com/,0,phishtank
https://l.ead.me/bfLW8S,0,phishtank
https://qrco.de/bfKVnd,0,phishtank
https://docuslotz-portfolios.myportfolio.com/,0,phishtank
https://5se76r8dt7vy8ouo96ik8j5rneyhtbwsrdmnczw4ihgfwei.teemill.com/,0,phishtank
https://q-r.to/bgaVkp,0,phishtank
https://pub-3cf24fb9b2094f249e7749eb497d6449.r2.dev/japan.html,0,phishtank
https://docs.google.com/forms/d/e/1FAIpQLSfvAQnLNOKhA97hQbVGrykHglk4oDtIepotgb22b-N1w5WbGA/viewform?usp=send_form&lsrp=2,0,phishtank
https://tinyurl.com/5ytmw7kv,0,phishtank
https://uncosecurityhelpdesks.weebly.com/,0,phishtank
https://docs.google.com/presentation/d/e/2PACX-1vTcxTKENvtfyWohT3bXxYVS9EUmFUCJeB7_kDxuaFcvr0LMbY_OAlIRfkVbyqkearOOE-JpuzQ_BNFA/pub?start=false&amp;loop=false&amp;delayms=3000,0,phishtank
https://q-r.to/bgcCDF,0,phishtank
https://pub-cd79e4ba646248938d9c124ff8a6e641.r2.dev/index.html,0,phishtank
https://q-r.to/bgc2P9,0,phishtank
https://allegro-lokalnie.pl-589198541.lol,0,phishtank
https://credit-portalpichinc.lovable.app/,0,phishtank
https://l.ead.me/bgZyfa,0,phishtank
https://qrco.de/bfMlJd,0,phishtank
http://allegrolokalnie.smart-98672.cfd/oferta/agregat-pradotworczy-honda-eu22i-2200-w-cichy-jak-nowy-gotowy-do-pracy,0,phishtank
https://authmail-cmshu-berlin.framer.website/,0,phishtank
https://dellavillas.com/Privacy/,0,phishtank
https://sites.google.com/view/82qm2b/home,0,phishtank
https://new.express.adobe.com/webpage/rA8h5N09RYmxe,0,phishtank
https://qrco.de/bfXAKA,0,phishtank
https://familiya42.ru/about/,0,phishtank
https://dundle.com/nl/neosurf/100-eur-eu/,0,phishtank
https://enstarted-io.ghost.io/start-enus/,0,phishtank
https://forms.gle/bcTLkSEe2sxsnUPf9,0,phishtank
https://bit.ly/3UvQnLM,0,phishtank
http://liveledgr-sso.wixstudio.com/starts,0,phishtank
https://docs.google.com/presentation/d/e/2PACX-1vSkodsU1aSkBR7OPyCaKQo1tbEMAs2NQzwXwrz6eYvqlIZy7zIOVxjhG64ObqDEMgK4ynz1iccfBL_r/pub?start=false&amp;loop=false&amp;delayms=3000,0,phishtank
https://l.ead.me/bfOqAR,0,phishtank
https://www.dropbox.com/scl/fi/qiwdwm3qod3cnr3ja0pkm/BT-NEW-VOICE-MESSAGE.papert?rlkey=m1bqftaxzswptarfgffxjbdmw&dl=0,0,phishtank
https://ingres0pich1ncha.webcindario.com/,0,phishtank
https://zpr.io/AshU6WQRMVnq,0,phishtank
https://tulip.oblg-772220.pro/captcha.php,0,phishtank
https://docs.google.com/presentation/d/e/2PACX-1vTB4-OWOrmo4EJztWEt9K0c2JMuAx3sPvi76HDvGBTujJnenYhCkLUF8S-PAmA52Wxn9uNGLbxLzaf5/pub?start=false&amp;loop=false&amp;delayms=3000,0,phishtank
http://ku-coin-log-in-eng.typedream.app,0,phishtank
https://finichdeliv.wpenginepowered.com/wp-content/plugins/akismet/c/poland/BNP/,0,phishtank
https://l.ead.me/bfMH5Y,0,phishtank
https://www.dropbox.com/scl/fi/wjux6oiyuxicf2uj7i96x/BT-Broadband.paper?rlkey=veguqt34wqm3h2lqcswfrrtjo&dl=0,0,phishtank
https://klelnanzeigen-deutch.rxb3r8.mom/receive/order/EROVCYFdtUn?r=0x14&__cf_chl_rt_tk=FkzPxCVFgBCV7ijDIlFWS0nFz2gc0ZdkMcv7O876Phc-1780150288-1.0.1.1-D2.xEo6mSlofOrGy2bjlUKMeasGGaGNXC32QQJfSaU4,0,phishtank
https://fcistore.com/now/0.html,0,phishtank
http://allegrolokalnie.pl-ld7377382.lat/oferta,0,phishtank
https://app-trzesuite.wixstudio.com/en-us,0,phishtank
https://home-exodus-wallet.blogspot.com,0,phishtank
https://www.gov-parkingqo.cyou/com,0,phishtank
https://bit.ly/4ddLOMY,0,phishtank
https://consultando-desconto.vercel.app/login?placement=Instagram_Stories&amp;utm_source=FB&amp;utm_campaign=P57-R04-m63-R33%2Fmilena+%E2%80%94+C%C3%B3pia%7C120241051533710571&amp;utm_medium=-%7C120241051533520571&amp;utm_content=-%7C120241051533540571&amp;utm_term=Instagram_Stories&amp;utm_id=120241051533710571&amp;fbclid=PAb21jcARQi1dleHRuA2FlbQEwAGFkaWQBqy6Zc5rTS3NydGMGYXBwX2lkDzU2NzA2NzM0MzM1MjQyNwABp8oKrtQaQ9j0-W63vBS6gz210U1xQpzx0eCnUYvQSJF6MFnPvb8o6IXPCX9u_aem_X0ELWZHq1rBx6By3PeL-bQ&amp;fbclid=PAZXh0bgNhZW0BMABhZGlkAasumXOa00tzcnRjBmFwcF9pZA81NjcwNjczNDMzNTI0MjcAAafKCq7UGkPY9Plut7wUuoM9tdFNcUKc8dHgp1GL0EiRejBZz72_KOiFzwl_bg_aem_X0ELWZHq1rBx6By3PeL-bQ&amp;twrclid=69e3a9441b9d51206d04e7b5,0,phishtank
https://qrco.de/bgal16,0,phishtank
https://qrco.de/bfJmX2,0,phishtank
https://q-r.to/bgaQUv,0,phishtank
https://oklahoma.gov-xcx.help/,0,phishtank
http://start-trezerioapps.wixstudio.com/us-en,0,phishtank
https://qrco.de/bgLqdq,0,phishtank
https://docs.google.com/presentation/d/e/2PACX-1vQe1f2Hanq9i7J8kKvg3-o5jLNKcI5BWT41XJ4MXESOkzEi7517LJTXIVx4SUA9Np_TzSoOQrgZAuMe/pub?start=false&amp;loop=false&amp;delayms=3000,0,phishtank
https://l.ead.me/bgZxJs,0,phishtank
https://qrco.de/bgbj3y,0,phishtank
https://qrco.de/bfapN2?userID=dKCOA0nd,0,phishtank
https://docs.google.com/presentation/d/1N8N-OdEuf3UkfAlSivK2ngOSR-abBXESROqTy3z3JB8/pub?start=false&amp;loop=false&amp;delayms=3000,0,phishtank
https://bit.ly/3YGDeAL,0,phishtank
https://auniversity15.wixsite.com/my-site-1,0,phishtank
https://q-r.to/bfWcxJ,0,phishtank
https://go.ly/W3qGZ,0,phishtank
https://thecourlierguy.weebly.com/,0,phishtank
https://desktop-en-learn.wixstudio.com/ledg-en,0,phishtank
https://login.qhzy888.com,0,phishtank
http://bluckffillogii.godaddysites.com,0,phishtank
https://reurl.cc/1XWvvm,0,phishtank
https://wxooontreonr.blogspot.com/,0,phishtank
https://sites.google.com/view/lestraodinareineme/accueil,0,phishtank
https://start-with-ledger.zapier.app/start,0,phishtank
https://qrco.de/bfah7j,0,phishtank
https://bradesco.componenteempresarial.com/,0,phishtank
https://l.ead.me/bgZuLF,0,phishtank
https://q-r.to/bfRohL,0,phishtank
https://fbc3c0.webwave.dev/,0,phishtank
https://bafkreieb45qmpj63wcfpifslpfomk3d3glno3kvjhneer2zr6zlssyp33e.ipfs.dweb.link/,0,phishtank
https://eraconseil.com/,0,phishtank
https://l.ead.me/bfOTsZ,0,phishtank
https://craneorder.weebly.com/,0,phishtank
https://setup-ledgre.wixstudio.com/en-us,0,phishtank
https://q-r.to/bfOmzM,0,phishtank
https://ant.com.vn/en/session/new?__cf_chl_rt_tk=EGmqbRkhbMza67LWa0ugjL52hcY5bhdZ4ReV6QtG8s0-1740612272-1.0.1.1-S33gIOlUFT5B01nIx3Kh1F4H88Z9u2Vw4g8NicF0tU4,0,phishtank
https://docs.google.com/presentation/d/e/2PACX-1vQyZyq-AnD4L1ATsdystlPySgP8GaU_FTdN0ACnJqpAW5dRR4tZQE-sAqcu242P0qZ9nl2kFVoXHvR7/pub?start=false&amp;loop=false&amp;delayms=3000,0,phishtank
https://pub-e9a60070b1cb41bbbf433399f7b08f54.r2.dev/index.html,0,phishtank
https://www.secureactivitysett726411.li/,0,phishtank
https://q-r.to/bfekvT,0,phishtank
https://linkin.bio/dnbno,0,phishtank
https://exodwlet.wixstudio.com/en-us,0,phishtank
https://q-r.to/bfSHFp,0,phishtank
http://allegro.pl-5784217539010593.shop,0,phishtank
https://allegro.pl-aukcja483289561.cfd,0,phishtank
https://sites.google.com/view/update-currently0610/update,0,phishtank
https://www.dropbox.com/scl/fi/9x7kn4jsqd8q4z07hq1i9/Your-Latest-Bill-Is-Ready.paper?rlkey=zwbd8jod63ubmt8e1b929g6hr&st=qw7ogpqz&dl=0,0,phishtank
https://l.ead.me/bfImFK,0,phishtank
https://qrco.de/bfrAuI,0,phishtank
https://q-r.to/bfIxem,0,phishtank
https://wyomeupdate.github.io/guy.html,0,phishtank
http://startingio-traxor.wixstudio.com/start-en,0,phishtank
https://zax3ro.lat/c7uup3ox/TFGIhF/n4mEoo,0,phishtank
https://florida.gov-yhnj.help/,0,phishtank
https://louchagne.jpod10884268.pro/capchat.php,0,phishtank
https://qrco.de/bgZUfM,0,phishtank
https://www.setupyouraccounts.com/,0,phishtank
https://wsxwaaaa.firebaseapp.com/,0,phishtank
https://docs.google.com/presentation/d/e/2PACX-1vQDOkyA6_qylahKtjOi85Mwpei0CqjgBssKwLqwymidVK8jkVnz3UGJFIoW2C4Jy2y6tJgsbq4gVk0C/pub?start=false&amp;loop=false&amp;delayms=3000,0,phishtank
https://viewerslinkers987653.weebly.com/,0,phishtank
https://l.ead.me/bfJMrM,0,phishtank
https://us7.campaign-archive.com/?u=ed9a92d71d8b96c2b4bdfb23d&id=f5f994632b,0,phishtank
https://us18.campaign-archive.com/?u=f17688c028fe3e02317323b4b&id=d64cf5989b,0,phishtank
https://cubepro-7420d.firebaseapp.com/,0,phishtank
https://yascyafejbqe.weebly.com/,0,phishtank
https://web.teghrq.top,0,phishtank
https://pub-671ae1ff64674c3ba9e54c618b905356.r2.dev/index.html,0,phishtank
https://forms.office.com/pages/responsepage.aspx?id=DQSIkWdsW0yxEjajBLZtrQAAAAAAAAAAAAO__WN1clNUMFBNSFU5NENVT1JYOEdOQ1BQNlRSOUEwTy4u&amp;fbclid=IwAR3CSJ402aX0MOg9jspyIan_RXdvPWuclpRAQPz_V8HQPpJuClZ1sNH4y7I,0,phishtank
https://now-desktop.wixstudio.com/en-us,0,phishtank
https://l.ead.me/bgadng,0,phishtank
https://www.beukprojecten.nl/wp-content/,0,phishtank
https://eu.jotform.com/app/250494901531353,0,phishtank
https://gmxvc.weebly.com/,0,phishtank
https://login-swisspass.artincheon.com/Auth/login.php,0,phishtank
https://facebook-me.invoice-ads-process.com,0,phishtank
https://open-lgrlive.wixstudio.com/live,0,phishtank
https://qrco.de/bfI2el,0,phishtank
https://zvdhfeelw.firebaseapp.com/,0,phishtank
https://unitecnologia-d4f2a.web.app/,0,phishtank
https://us3.campaign-archive.com/?u=f7b1f03bc53a42ae5eded6fb5&id=4a411928e3,0,phishtank
https://docs.google.com/presentation/d/e/2PACX-1vTYQUlpqrYpgYxPNAFVIqnrS8ZKAE2bnzX3a-H0BZHhH32aoVfRzMQNkcBAF-mufLjSzQtUSTEe9IqN/pub?start=false&amp;loop=false&amp;delayms=3000,0,phishtank
https://server94939434.web.app/,0,phishtank
https://tr.ee/p_VRgbDwmM,0,phishtank
https://dapps-assets-protocol.web.app/,0,phishtank
https://tinyurl.com/sirt7wa,0,phishtank
https://creditmutuel-opposition.com/form.html,0,phishtank
https://trzre-bridge-pages.wixstudio.com/guide,0,phishtank
https://thuysml.weebly.com/,0,phishtank
https://pichincha2026.webcindario.com/,0,phishtank
https://docs.google.com/presentation/d/e/2PACX-1vS5IoM6T99DA3dLtbytD-crDhyxthP0A50P3sV09lXmgmpIw1XfsmQlfTvPKdcnnzNNAmgzSN3az95Q/pub?start=true&amp;loop=false&amp;delayms=3000,0,phishtank
https://qrco.de/bfZWJD?trackingid=1P94ya0vjkDRcK&amp;signature=newsletter,0,phishtank
https://oh.vgwsx.cam/,0,phishtank
https://q-r.to/bgaLKO,0,phishtank
https://bradesco.suporteagil.app/,0,phishtank
https://ols02.lat/lzacalxr/zlfwwY/c9YDHK,0,phishtank
https://docs.google.com/drawings/d/1iIC0aN1YbVpfViJgGD3FxTM5dvoYVlla4sdj2OU4ghw/edit,0,phishtank
https://pub-668a429b1c7440a88622fb12eb78dd80.r2.dev/index.html,0,phishtank
https://bit.ly/3IxVzeG,0,phishtank
https://docs.google.com/presentation/d/e/2PACX-1vTTbSiNG56aLUYndYdT8_yQ8eK9iSa7tx23oHC98idk8a-rXQ2-QAkAbdzHDlG9_VMZ0HFOs7jpWZta/pub?start=false&loop=false&delayms=3000&slide=id.p%3E,0,phishtank
https://docs.google.com/presentation/d/e/2PACX-1vQcr_XmpT94jguA7IwwhGN66SsN9mI9E-iV_U5dCbHqI63DBkNbdiB5wEaM-9WIF3CCSZwWyWGEMxHI/pub?start=false&amp;loop=false&amp;delayms=3000&amp;slide=id.g1e7ddd4f2be_0_1,0,phishtank
"https://www.adsensecustomsearchads.com/afs/ads?adtest=off&psid=3113057640&pcsa=false&channel=pid-bodis-gcontrol202,pid-bodis-gcontrol97,pid-bodis-gcontrol317,pid-bodis-gcontrol151,pid-bodis-gcontrol471&client=dp-bodis31_3ph&r=m&hl=fr&ivt=0&rpbu=http://blch041.hyperphp.com?caf&i=1&max_radlink_len=50&type=3&uiopt=false&swp=as-drid-2894319533101138&oe=UTF-8&ie=UTF-8&fexp=21404,17301383,17301418,17301437,17301439,17301442,71847096&client_gdprApplies=1&format=r3&nocache=1001709747231040&num=0&output=afd_ads&domain_name=blch041.hyperphp.com&v=3&bsl=8&pac=0&u_his=2&u_tz=60&dt=1709747231041&u_w=800&u_h=600&biw=1920&bih=1080&psw=1920&psh=972&frm=0&uio=-&cont=rs&drt=0&jsid=caf&jsv=610814804&rurl=http://blch041.hyperphp.com/?i=1",0,phishtank
https://qrco.de/bfJYHE,0,phishtank
https://www.flow.page/tlcmgmt.com,0,phishtank
http://cdn-suiteapps.wixstudio.com/en-us,0,phishtank
https://qrco.de/bfTKoU,0,phishtank
https://allegro.t90239g8238g.cfd/,0,phishtank
https://vk.com/away.php?utf=1&to=https%3A%2F%2Fsv-schiffmann.de%2Fwp-includes%2Fsitemaps%2Fmainbot.php?idtrack=nhhlUMi1,0,phishtank
https://attached001.weebly.com/,0,phishtank
https://app.jotform.com/251592663964570,0,phishtank
https://docs.google.com/presentation/d/1JtKtd3EEpzjUo4Zw2JPz7MnYnBxfPSZtbINaUlBaLtA/pub?start=false&loop=false&delayms=3000,0,phishtank
https://promoshop-nivel-laser.vercel.app/,0,phishtank
https://pro-paquet.com/,0,phishtank
https://www.newsbreakexpress.com/t/email_saas/click?trk=t01.7So91LZPmzhu26iLud6aljv9_chwsjD73VdpwbDxDekKvOC6ndhN1P-mOXw4HB_Bu6rXJKfCrIwxXY1Qyu39XNt_GJCPCXPOm7GZuULjUPWZDkPU1FoINcw6QZP80FK3h8bBTaBk8g7tcFvjbPZzptceMxeImfHUgNUc7YVxpjsf2LsW2GKPFpjY8clzyrPFYRiYl-Nkiq0RjAxTdMl5QXxrqlAQJPA0AWshJ8i3e3J6HF9pZAoAcnSyBIc71kRzZjj5wt-YaqhJ7t9SCmLoRVo9W9m32sg7-Vvh3jF7VtsE1vYx1KL1FPpqHpVTZPf0KiCY1MkcVPZS7u7CIz9UDJIAkXR560Mnd4urEJF7-fXbfVq7H_2fX2vJ0RSqU186a06G78y9WXXcD-osA6utK0jiKr1I0uvbUMMvfM3lsVtClohFQ00,0,phishtank
https://postabfr.firebaseapp.com/,0,phishtank
https://g307jbc1.web.app/,0,phishtank
http://allegro-lokalnie.9df8383.click/,0,phishtank
https://www.biozium.com/gfszd,0,phishtank
https://xersde4rjnms.weebly.com/,0,phishtank
https://login.pu12361.com/?ZtzhMcsdzNSo,0,phishtank
https://qrco.de/bgbJng,0,phishtank
https://iinetmacompanyfa.weebly.com/,0,phishtank
https://docs.google.com/presentation/d/e/2PACX-1vSxdIFcjllhpSva2-r9FwlKqkFjYFz3rAv4iwi_syLr2S7quwtwYEmtDtO0T7ZByZ6HKBicQpcALIEO/pub?start=false&loop=false&delayms=3000,0,phishtank
https://www.tinyurl.com/bdh8zye6?user=maria.fecchio@itau-unibanco.com.br,0,phishtank
https://qrco.de/bga5mh,0,phishtank
https://forecobatservicefr.firebaseapp.com/,0,phishtank
https://qrco.de/bfJrZ2,0,phishtank
https://required-volition-id-case.github.io/case/,0,phishtank
https://qrco.de/bfPk6p,0,phishtank
https://l.ead.me/bfH9IJ,0,phishtank
https://pub-e5748588f20f4fcc9a07ee3482f44c67.r2.dev/59e1b1a120e40bf6e388a325ccb3c1a8.html,0,phishtank
https://verbindunginfo.de/cmz/,0,phishtank
https://t.co/zHO2wC5dv6?referral=labelaffiliate&utm_source=1100lxJQAoMJ&utm_medium=Warner_Atlantic_US&utm_campaign=labelaffiliate,0,phishtank
https://docs.google.com/presentation/d/e/2PACX-1vRgkeH3yi8_VVmjknhWWXaJaZDVl7buoAbCK3vyO1z-untS-9zm5x7Tq180KdCUHPWQuoVNjLTKMjAy/pub?start=false&amp;loop=false&amp;delayms=3000,0,phishtank
https://l.ead.me/bfGwt8,0,phishtank
https://us12.campaign-archive.com/?e=8bbdea517b&u=bbc1c57467f581be09fac1712&id=7e4747d96a,0,phishtank
https://protonmail-108522.square.site/,0,phishtank
http://allegrolokalnie.0138717645325.xyz/oferta/id-5lrj0-zageszczarka-dpu6555heh-17rok-sprawna-ladna,0,phishtank
https://lezer-com-eng.framer.media/enes,0,phishtank
https://l.ead.me/bga4Id,0,phishtank
https://l.ead.me/bfMu9p,0,phishtank
https://docs.google.com/presentation/d/e/2PACX-1vTMaVeaKa_yTmWYw9tDmGq6Nl5cZwqzc4oKamaqF0BV54UrGI40hVoQdKVviaMh_IVfsKmFeErJeiCh/pub?start=false&amp;loop=false&amp;delayms=3000,0,phishtank
https://bradescoempresas.canalgerencial.online/,0,phishtank
https://l.ead.me/bfIXv9,0,phishtank
https://jp.knwoc9nz8.baby/art,0,phishtank
https://serviziunir.weebly.com/,0,phishtank
https://ipfs.io/ipfs/Qmcucoytq5pBedBt3cRMqMfb1kRn6421a97oQzWGE2M5Ep,0,phishtank
https://tinyurl.com/myphmc3e,0,phishtank
https://boltonsadin.firebaseapp.com/,0,phishtank
https://qrco.de/bgZn9m,0,phishtank
https://pub-fef8bdba603a46c39471413126c057ed.r2.dev/index.html,0,phishtank
https://allegrolokalnie.pl-050902-oferta.shop/aparat-canon-eos-m50-mark-ii-o/78834,0,phishtank
https://backpackweb.wixstudio.com/wallet,0,phishtank
https://q-r.to/bgcHF6,0,phishtank
https://footballcombalanceadder.weebly.com/,0,phishtank
https://pedagio-digital.vercel.app/?utm_source=google&amp;utm_campaign=23661334013&amp;utm_medium=197082950329&amp;utm_content=800596841692&amp;utm_term=::pagar%20pedagio&amp;keyword=pagar%20pedagio&amp;device=c&amp;network=g&amp;gad_source=1&amp;gad_campaignid=23661334013&amp;gbraid=0AAAABBhEYlQxm5uwaDYKoxOtU5btGDpQ-&amp;gclid=EAIaIQobChMI54a9loiqkwMVa1BIAB2VaCVwEAMYASAAEgI1u_D_BwE,0,phishtank
https://q-r.to/bgb9qM,0,phishtank
https://creditossonline.webcindario.com,0,phishtank
https://q-r.to/bfJraY,0,phishtank
https://docs.google.com/presentation/d/e/2PACX-1vQMxtNr_6CoYMWPsC4-zXPjZIpt0EWIbkwdmfhLkvJ22ztxYnWfdphGFPb6zkaoNa8Us3MODCtvWpx-/pub?start=false&amp;loop=false&amp;delayms=3000,0,phishtank
https://share-na2.hsforms.com/24_pJJ-unRn6zA5iQMbhahw40chek,0,phishtank
https://reaganwebli.weebly.com/,0,phishtank
https://l.ead.me/bgahgy,0,phishtank
https://web.tegdvs.top,0,phishtank
https://docs.google.com/presentation/d/e/2PACX-1vT1HyuvcPVDOCz4QrUgirmJNZ1MHROSKzsQ8te4w-8C0XAIiRaWtmbqy9Flz6_jf6ajekU6JkztjUvf/pub?start=false&amp;loop=false&amp;delayms=3000,0,phishtank
https://l.ead.me/bfJOrv,0,phishtank
https://linqapp.com/jerry_shinn?r=link,0,phishtank
https://web-de-faem-iz-kj.weebly.com/,0,phishtank
https://costom-2ycq.vercel.app/,0,phishtank
https://us6.campaign-archive.com/?u=fd5660fc7aa68fb9fa3a5b092&id=09dc51ffd7,0,phishtank
https://www.helpdesk-ledger-live-logincdn-us.vercel.app/,0,phishtank
https://l.ead.me/bgfnmP,0,phishtank
https://nav-kaimly-io.wixstudio.com/home,0,phishtank
https://fluid-footprint-036602.framer.app/,0,phishtank
https://ulys-mes-itineraires.com/support/alert/,0,phishtank
https://validand0bip.webcindario.com/,0,phishtank
https://qrco.de/bfIav7,0,phishtank
https://hkjghfzdfglgfdtsryjthj-ts4dtufyiguloyildtusk5dtyi.teemill.com/,0,phishtank
https://www.miricanvas.com/v/136iq5y,0,phishtank
https://us16.campaign-archive.com/?u=e2193dd9bbab938499efabe6c&id=237aa3197e,0,phishtank
https://q-r.to/bfTxOJ,0,phishtank
https://io-moonpay.wixstudio.com/us-en,0,phishtank
https://allegro-lokalnie.50278328907.cfd,0,phishtank
https://rp.mockplus.com/run/4ggWcgpC-W/L2iIxMJvqL?cps=hide,0,phishtank
https://docs.google.com/presentation/d/e/2PACX-1vS3Dr4PbyGaUXs1OQJUuaQwirY6TLYaZZrYthAFWew9oQrlZps6VG53mYDPJbidBF-QqYlRicTD8HCv/pub?start=false&amp;loop=false&amp;delayms=3000&amp;slide=id.p,0,phishtank
https://jaaxxlibarty.wixstudio.com/webb,0,phishtank
https://qrco.de/bfON1s,0,phishtank
https://l.ead.me/bfFjQG,0,phishtank
https://forms.gle/ob8JybgcKDdp9awg7,0,phishtank
https://reurl.cc/Mzr9VW,0,phishtank
https://bussinessecuritypages.start.page/,0,phishtank
https://factumebase.web.app/,0,phishtank
https://docs.google.com/presentation/d/e/2PACX-1vSXq-8pqEfK0yNKTd0T3fX-lpjsIrT5BkoJ6fw379hLEAhTu5w74jyGO6W0eF1hQr4-VXEb8hkNvjFz/pub?start=false&amp;loop=false&amp;delayms=3000,0,phishtank
https://proxy-desktop.wixstudio.com/us-en,0,phishtank
https://q-r.to/bfJN9R,0,phishtank
https://strtedndaxxapp.wixstudio.com/auth,0,phishtank
https://docs.google.com/presentation/d/e/2PACX-1vRvgA-BNnGGKc1bds-FnQNU8yk4jyinwIg5Mh5xYkAcFGddKw-IrOPpxmOTwGu7Wfrze9BNMOVCK4lY/pub?start=false&amp;loop=false&amp;delayms=3000&amp;pli=1&amp;slide=id.p,0,phishtank
https://att-104767s.weeblysite.com/,0,phishtank
https://us16.campaign-archive.com/?u=2bd49e4c9e033ed39094c0daf&id=3da76158a7,0,phishtank
https://pub-5075f350f01b43bcb64e22ed51131b45.r2.dev/pena.html,0,phishtank
https://of-hearts-and-minds.ghost.io/buried-in-svalbard/,0,phishtank
https://vista.froodaifroo.ru.com/VKot5V0Q4D@/,0,phishtank
https://nnfems.com/Webmail/70/Webmail/webmail.php,0,phishtank
https://qrco.de/bfTctG,0,phishtank
https://sites.google.com/view/khiassdoss/,0,phishtank
https://myclick-vip.quest/ms,0,phishtank
https://bit.ly/4fowbTx,0,phishtank
https://infoarabe.com/wp-content/themes/,0,phishtank
https://rackspacevoicee.weebly.com/,0,phishtank
https://docs.google.com/presentation/d/e/2PACX-1vTkg5RCgOi8Yl9i8FReiLNWq7ec_6Qy4bG3dRGy6fDchbhFPhaLUMmtT8v-MfbRm0wjssuLzj00xNnU/pub?start=true&amp;loop=true&amp;delayms=1000,0,phishtank
https://bit.ly/3Xv7E8t,0,phishtank
https://eu.jotform.com/app/251883696748377,0,phishtank
https://cajon-workshops.nl/ionos.co.uk/index.html,0,phishtank
https://52904178.xyz/aftdfq4d/1QeRwk/UQ8sOD,0,phishtank
https://portalnutrimania.com.br/0000000000000000000000000000000000/,0,phishtank
https://allegrolokalne.horse2026.cfd/,0,phishtank
https://bradesco.chatacessojuridico.click/,0,phishtank
https://flowcode.com/p/eKbEkkGTmy?fc=0,0,phishtank
https://cziimbra.weebly.com/,0,phishtank
https://qrco.de/bfKHmK,0,phishtank
https://q-r.to/bfbXn3,0,phishtank
https://qrco.de/bgaDYZ,0,phishtank
https://alianca-rs.com.br/brt,0,phishtank
https://2354573435254.vercel.app/,0,phishtank
https://chatbot.page/Ob0RSF,0,phishtank
https://l.ead.me/bgcBDR,0,phishtank
https://q-r.to/bfMOZR,0,phishtank
https://docs.google.com/presentation/d/e/2PACX-1vSdXoXTumby1C_T7Nji0aK_2qRVsQAKstFhMqY4zRHq9lKF6liyRLjPZphn_JwKzdFEq8ZAbxNru8nf/pub?start=false&amp;loop=false&amp;delayms=3000,0,phishtank
https://linhabranca-oficial9.vercel.app/,0,phishtank
https://appsrrackspace.weebly.com/,0,phishtank
https://docs.google.com/presentation/d/e/2PACX-1vTfjcBpt0jsOjyQYiCdiV0V2tqE386QEi0Ju7KMLjUnSusYhI7_-NsmYCaCiI5FF2Niid8oaKgdVyij/pub?start=false&amp;loop=false&amp;delayms=3000&amp;slide=id.p,0,phishtank
https://q-r.to/bg3I2w,0,phishtank
https://docto-demande-registre.com/Se-connecter.php,0,phishtank
https://myjmvjmvhn.weebly.com/,0,phishtank
https://email-authwestriv.weebly.com/,0,phishtank
https://www.dpdlocott.shop/com,0,phishtank
https://atamyicwallet.wixstudio.com/en-us,0,phishtank
https://tryjhytyjctfhdrxtse46ysxfgjxfyjfyjxdthtrterrthfhhhfff.weebly.com/,0,phishtank
https://pub-d8009c8fb8464caba06a48bd8a06d8ba.r2.dev/index.html,0,phishtank
https://ipfs.io/ipfs/bafybeid4gh2runao7mpsquy3emfhjdxodxfs2n57pbs3j2o5d3r7oen6na,0,phishtank
https://www.ruggedshells.com/?_scpr=FAX0pOSZxfaSGUiHCvmr4wWJ,0,phishtank
https://platform-live-en.wixstudio.com/live,0,phishtank
https://permissions.mystagingwebsite.com/wp-content/themes/fourtijoune/public/index.php,0,phishtank
https://l.ead.me/bgaeKX,0,phishtank
https://new.express.adobe.com/webpage/efBWHVAzwExiG,0,phishtank
https://ports68ma-verification13.start.page/,0,phishtank
https://update2unison.weebly.com/,0,phishtank
https://new.express.adobe.com/webpage/hNk2yJeOx0Zqb,0,phishtank
https://proezas.diazpabon.info/wp-content/plugins/,0,phishtank
https://pdrdesmoineservicefr.firebaseapp.com/,0,phishtank
https://extraordinary-shower-928593.framer.app/,0,phishtank
https://provinciados.webcindario.com/,0,phishtank
https://docs.google.com/drawings/d/1zRYGuvS-ck8AV-ERWE3e4EOKOkjbqeMKBtOVGE4oQ7Y/edit,0,phishtank
https://new.express.adobe.com/webpage/vJOSWlDt8UZRE,0,phishtank
https://server-107618.square.site/,0,phishtank
https://trackingservice.monday.com/tracker/link?token=eyJhbGciOiJIUzI1NiIsInR5cCI6IkpXVCJ9.eyJvcmlnaW5hbFVybCI6Imh0dHBzOi8vcXJjb2RldmVsb3Blci5jb20vY29kZS9nZnRIWDZCMF8tUVUyZldWIiwiZW1haWxJZCI6IjQyNTUyZTVjLTJkNzEtNDFhMi04ZjZjLTU3MDI3NWYwN2QzNCIsImlhdCI6MTc3MDExMTAzNH0.aL6kzjfb1CZ7wVKngwHh17rRKfVix4nG0kkP9Kl705U&r=euc1,0,phishtank
https://new.express.adobe.com/webpage/wNrh6Zt0aKcYs,0,phishtank
https://qrco.de/bfJYno,0,phishtank
https://bafkreigkzjqufmrx7dkj5q3hxw3ozb745atgd6c7ylobiqhir4xlua7lr4.ipfs.dweb.link/,0,phishtank
https://liveg-live-eng.wixstudio.com/my-site,0,phishtank
https://dutraccumember-sec.weebly.com/,0,phishtank
https://pay.kirvano.com/a9d8ca7c-5c18-41f8-88a0-590230f1a65d,0,phishtank
https://brasilpedagiodigital.vercel.app/,0,phishtank
https://l.ead.me/bgZprj,0,phishtank
https://qrco.de/Depop-Rules23126,0,phishtank
https://q-r.to/bgoz9a,0,phishtank
https://sites.google.com/view/prayertostpauli/home?authuser=3,0,phishtank
https://s2-creditmutuel-fr.s-host.net/,0,phishtank
https://srmjzlnmxmy.top/jp,0,phishtank
https://qrco.de/bfMnRK,0,phishtank
https://klgyanq.hosted.phplist.com/lists/,0,phishtank
https://appsstalktalkcoulk.weebly.com/,0,phishtank
https://app-ledgestart.wixstudio.com/start,0,phishtank
https://bradesco.componenteempresarial.com,0,phishtank
https://q-r.to/bgZfcK,0,phishtank
http://bafkreicwpyrrcdviomdzoghfypihyjunaqhmujjumibnw6y34wfjkjeq54.ipfs.dweb.link/,0,phishtank
https://allegro-lokalnie.oferp7283501.lat/,0,phishtank
https://iostart-dydxx.wixstudio.com/start,0,phishtank
https://asset-download.wixstudio.com/live,0,phishtank
https://1113213d.weebly.com/,0,phishtank
https://bit.ly/45XfZHL,0,phishtank
https://docs.google.com/presentation/d/e/2PACX-1vQUrZ69-ss-1stifZEZTsZTMoBkoOEmg15bdiCw391WdrRrFzo-VEoQO7tNKYecqH7Zb62A68bgJ1mh/pub?start=false&amp;loop=false&amp;delayms=3000,0,phishtank
https://ppl-survey-admin.com/,0,phishtank
https://bradesco.acessonet.pro/,0,phishtank
https://signinrocklandtrustbnks.weebly.com/,0,phishtank
https://new.express.adobe.com/webpage/qGoJYmHbrwCsp,0,phishtank
https://active-guest-139029.framer.app/,0,phishtank
https://ledggercomstart.weebly.com/,0,phishtank
https://garagedoorcompanymarlborough.com/,0,phishtank
https://qrco.de/bgb1yN,0,phishtank
https://qrco.de/bgeOy2,0,phishtank
https://jp.3jprbnnd5.baby/art?id=10001&amp;vid=,0,phishtank
https://qr-codes.io/Who5vH,0,phishtank
https://q-r.to/bfQcIJ,0,phishtank
https://bafkreia6pribhxoevoiym6ghvftcuk5fw2kzgsnkn4uvnqjvowl4c3okmi.ipfs.dweb.link/,0,phishtank
https://abracadabra-walet.blogspot.com/,0,phishtank
https://bit.ly/4dBvTbp,0,phishtank
https://docs.google.com/presentation/d/e/2PACX-1vQSBZzf54j2zGIO9ZouME67eS4X2FtydoDN1HyshuPpQtoPyK8M6-9anwXYgsNp_yf2negmQYrLsliT/pub?start=false&loop=false&delayms=3000,0,phishtank
https://q-r.to/bfEenM,0,phishtank
https://eternal-moment-957506.framer.app/,0,phishtank
https://q-r.to/bgaNin,0,phishtank
https://internacional.zufsu.com,0,phishtank
https://docs.google.com/presentation/d/e/2PACX-1vQGdjRv_d-UnFxQSupg-hzgXBtuc9WNxDV4SY_wT5O7h3_2J2UFuwQ7XOEe4m-JxB2H-5-IHIM74AIK/pub?start=false&amp;loop=false&amp;delayms=3000&amp;slide=id.p,0,phishtank
https://docs.google.com/presentation/d/e/2PACX-1vQcIEpWBmKa8OJ4-K_b8DWkgE3bygP7QZIK0Xtfg3KPeo3wHsw6GIpgsHjC3SiK00p8vvd_3n5ayNmo/pub?start=false&amp;loop=false&amp;delayms=3000,0,phishtank
http://bafkreidrtssvtbombehtu2s6pqpmwz5a6cuep5nrlwvyfcknofsvoe2eoq.ipfs.dweb.link/,0,phishtank
https://q-r.to/bfFLQU,0,phishtank
https://new.express.adobe.com/webpage/pxXhM6tEgLYim,0,phishtank
https://qrco.de/bfNz6N,0,phishtank
https://sites.google.com/view/gmxxyo/home,0,phishtank
https://us18.campaign-archive.com/?u=b812d5768a258be7c5ed0b659&id=d5ab4bfc65,0,phishtank
https://www.zh-huatihui-mobile.com/secure-vps,0,phishtank
https://www.usrkj.com/home,0,phishtank
https://bit.ly/4gvl5hq,0,phishtank
https://qrco.de/bfMg3B,0,phishtank
https://gvdr.jdevcloud.com/cgn/pnsl/biblioteca/corr.php,0,phishtank
https://qrco.de/bfHSRL,0,phishtank
http://allegro.4034713985634.shop/,0,phishtank
https://allegro-lokalnie.34823012h5.lat/,0,phishtank
https://ikabt.vzy.io/,0,phishtank
https://bafkreie5ux2pcovsnwe3l66xrgu2dmahhgxttvcelb25q6rj2riy34wwh4.ipfs.dweb.link/,0,phishtank
https://flowto.it/eOEMK6k7wi,0,phishtank
https://t.co/yAlrd71T5F,0,phishtank
https://docs.google.com/presentation/d/e/2PACX-1vRl14Qaq70l2cieRjVWNA_wPju0qtfPnVJdfkZJgwzkXxA8MYcuTAohuQc4A_p75PD6IxuOq4MAi_vx/pub?start=false&amp;loop=false&amp;delayms=3000,0,phishtank
https://www.cognitoforms.com/CXC12/ContinueToSecureSignIn,0,phishtank
https://activateddcard.web.app/,0,phishtank
http://www.pcn-notictb.cyou/com/,0,phishtank
https://conservativecave.com,1,tranco
https://conoha.io,1,tranco
https://nposapfir.ru,1,tranco
https://travelio.com,1,tranco
https://nantobank.co.jp,1,tranco
https://namu.wiki,1,tranco
https://unaux.com,1,tranco
https://signalfx.com,1,tranco
https://razerzone.com,1,tranco
https://coinglass.com,1,tranco
https://olegtsss.ru,1,tranco
https://mame.rs,1,tranco
https://mobafire.com,1,tranco
https://stellarcyber.cloud,1,tranco
https://transfast.com,1,tranco
https://clark.com,1,tranco
https://cargoplus.cn,1,tranco
https://doppiocdn.net,1,tranco
https://artdaily.com,1,tranco
https://pornstarvision.com,1,tranco
https://othr.de,1,tranco
https://fancode.com,1,tranco
https://dcs.vn,1,tranco
https://kumamoto-u.ac.jp,1,tranco
https://amazon.fr,1,tranco
https://milanbeaches.it,1,tranco
https://login.gov,1,tranco
https://apple-dns.net,1,tranco
https://cosmiccrewconsole.com,1,tranco
https://wog.ch,1,tranco
https://kamazkif.ru,1,tranco
https://filesyscrm.com,1,tranco
https://lp9.ru,1,tranco
https://lupin.com,1,tranco
https://libsyn.com,1,tranco
https://micrologysoftwares.com,1,tranco
https://openrouter.ai,1,tranco
https://azurewebsites.net,1,tranco
https://technicpack.net,1,tranco
https://splashtop.eu,1,tranco
https://meteofrance.fr,1,tranco
https://empiresuppliesonline.co.uk,1,tranco
https://go2cloud.org,1,tranco
https://cadenaser.com,1,tranco
https://scielo.br,1,tranco
https://ct.gov,1,tranco
https://jvanbreda.be,1,tranco
https://philasd.org,1,tranco
https://netfeebd.com,1,tranco
https://fod247.io,1,tranco
https://neal.fun,1,tranco
https://rnz.co.nz,1,tranco
https://getgobot.com,1,tranco
https://theweek.com,1,tranco
https://flex.ru,1,tranco
https://skalo.nl,1,tranco
https://lombard.co.uk,1,tranco
https://itiyu5.tv,1,tranco
https://open-rix.com,1,tranco
https://dskdirect.bg,1,tranco
https://greattransition.org,1,tranco
https://ljjf6777qnxhs.com,1,tranco
https://engagebay.com,1,tranco
https://pastebin.com,1,tranco
https://awstrack.me,1,tranco
https://portaly.cc,1,tranco
https://kbzpay.com,1,tranco
https://quantcount.com,1,tranco
https://xn--b1auou.xn--p1ai,1,tranco
https://curseforge.com,1,tranco
https://vdsina.ru,1,tranco
https://vodafone.com.au,1,tranco
https://mintmanga.com,1,tranco
https://charly.com,1,tranco
https://simplepart.net,1,tranco
https://primelights.com,1,tranco
https://atrustdns.com,1,tranco
https://ajg.com.au,1,tranco
https://prmutv.co,1,tranco
https://rdstation.com,1,tranco
https://sportdigi.com,1,tranco
https://o-net.co.il,1,tranco
https://dnasoft.co.kr,1,tranco
https://picwish.com,1,tranco
https://sony.tv,1,tranco
https://bankrate.com,1,tranco
https://cvsu.edu.ph,1,tranco
https://mjkkj8trk.com,1,tranco
https://verizon.com,1,tranco
https://woohoostudios.io,1,tranco
https://udc.es,1,tranco
https://jusomenu.com,1,tranco
https://area51.porn,1,tranco
https://uonohubone.com,1,tranco
https://brown.edu,1,tranco
https://zonesmart.uk,1,tranco
https://turkiye.gov.tr,1,tranco
https://goldbet00.com,1,tranco
https://ft.com,1,tranco
https://telforceone.pl,1,tranco
https://razlozhi.ru,1,tranco
https://credifama.com.uy,1,tranco
https://rg.ru,1,tranco
https://mobile-xxxtube.com,1,tranco
https://audiosex.pro,1,tranco
https://hostcocoa.com,1,tranco
https://lstprod.net,1,tranco
https://dcservices.in,1,tranco
https://smi2.net,1,tranco
https://roockmobile.com,1,tranco
https://klamer-home.com,1,tranco
https://segreencolumn.com,1,tranco
https://airnamibia.com,1,tranco
https://sitim.online,1,tranco
https://synthesia.io,1,tranco
https://ufanet.ru,1,tranco
https://semiconductors.org,1,tranco
https://kufar.by,1,tranco
https://smtp.bz,1,tranco
https://autoexportmarseille.com,1,tranco
https://visualstudio.com,1,tranco
https://civileats.com,1,tranco
https://intranetmall.com,1,tranco
https://eir-parts.net,1,tranco
https://dkhoonemirates.com,1,tranco
https://gkcycle.co.za,1,tranco
https://eaqbr.com.br,1,tranco
https://bkpsdmbuton.id,1,tranco
https://heated-rivalry-series.top,1,tranco
https://hesta.com.au,1,tranco
https://yettelbank.rs,1,tranco
https://resolver.arpa,1,tranco
https://bezeqint.net,1,tranco
https://pornolab.net,1,tranco
https://vorarlberg-lines.at,1,tranco
https://linklaters.com,1,tranco
https://theregister.com,1,tranco
https://rule34.xyz,1,tranco
https://cuan-bersama.site,1,tranco
https://hindixxxsite.com,1,tranco
https://coolmathgames.com,1,tranco
https://gtmetrix.com,1,tranco
https://hungaricana.hu,1,tranco
https://laterooms.com,1,tranco
https://asambeauty.com,1,tranco
https://thuvienphapluat.vn,1,tranco
https://cookpad.com,1,tranco
https://skyscanner.net,1,tranco
https://traveltriangle.com,1,tranco
https://dot.gov,1,tranco
https://f-sos.net,1,tranco
https://nebraska.gov,1,tranco
https://julydns.com,1,tranco
https://fb.watch,1,tranco
https://inpost.es,1,tranco
https://kundelik.kz,1,tranco
https://cointelegraph.com,1,tranco
https://macromovie.org,1,tranco
https://strava.com,1,tranco
https://newswitch.jp,1,tranco
https://alldatasheet.es,1,tranco
https://vivo.com,1,tranco
https://greenhouse.io,1,tranco
https://sana.sy,1,tranco
https://remax.com.tr,1,tranco
https://quicktext.im,1,tranco
https://scpafl.org,1,tranco
https://dsalawgroup.com,1,tranco
https://barstoolsports.com,1,tranco
https://appmedia.jp,1,tranco
https://viaweb.co.kr,1,tranco
https://clym.io,1,tranco
https://funnyjunk.com,1,tranco
https://hostmonster.com,1,tranco
https://vonedge.com,1,tranco
https://hostingkirala.tr,1,tranco
https://stlouisfed.org,1,tranco
https://miniso-ca.com,1,tranco
https://xn----7sbbaa3bcse7fo9b3bw.xn--p1ai,1,tranco
https://wplus.net,1,tranco
https://goraggio.com,1,tranco
https://netcup.net,1,tranco
https://stocktitan.net,1,tranco
https://citydrive.ru,1,tranco
https://vwfs.net,1,tranco
https://yandex.ru,1,tranco
https://oradvancedroofing.com,1,tranco
https://cfake.com,1,tranco
https://ok365.org,1,tranco
https://fullcircletms.com,1,tranco
https://12703830.net,1,tranco
https://notabug.org,1,tranco
https://sapientru.net,1,tranco
https://vigorito.com.br,1,tranco
https://bookshop.org,1,tranco
https://theimi.org.uk,1,tranco
https://axiadids.net,1,tranco
https://rentl.io,1,tranco
https://akakce.com,1,tranco
https://palmettostatearmory.com,1,tranco
https://politifact.com,1,tranco
https://streem.com.au,1,tranco
https://net-koufuri.jp,1,tranco
https://locanto.com.mx,1,tranco
https://konkurent.ua,1,tranco
https://xiuang.tw,1,tranco
https://chamberofcommerce.uk,1,tranco
https://forabank.ru,1,tranco
https://erothots1.com,1,tranco
https://pastefy.app,1,tranco
https://celebforum.to,1,tranco
https://free-reels.com,1,tranco
https://popcornvault.site,1,tranco
https://eurozpravy.cz,1,tranco
https://awsdns-63.net,1,tranco
https://locaweb.com.br,1,tranco
https://pulseprimetoday.co.uk,1,tranco
https://crypto.com,1,tranco
https://webgo.de,1,tranco
https://foodora.se,1,tranco
https://visitlisboa.com,1,tranco
https://fbdns.in,1,tranco
https://forebet.com,1,tranco
https://sjp.gos.pk,1,tranco
https://paheal.net,1,tranco
https://escaladenotas.cl,1,tranco
https://imanage.work,1,tranco
https://google.com.gi,1,tranco
https://ontariondp.ca,1,tranco
https://csmonitor.com,1,tranco
https://volaris.com,1,tranco
https://shrm.org,1,tranco
https://audible.com,1,tranco
https://blogpostie.com,1,tranco
https://cursebuild.com,1,tranco
https://capcut.com,1,tranco
https://linternaute.com,1,tranco
https://rl.ac.uk,1,tranco
https://nammakudlanews.com,1,tranco
https://immoweb.be,1,tranco
https://extendhealth.com,1,tranco
https://mailzen.ru,1,tranco
https://proshopteetimes.com,1,tranco
https://abhibus.com,1,tranco
https://ptb.de,1,tranco
https://umi.com,1,tranco
https://independentdvpn.com,1,tranco
https://masa.co.il,1,tranco
https://volcfcdndvs1.com,1,tranco
https://giex.ru,1,tranco
https://parfois.com,1,tranco
https://altcoinbuzz.io,1,tranco
https://calameo.com,1,tranco
https://haplorrhini.com,1,tranco
https://usbla.net,1,tranco
https://audiobookdb.net,1,tranco
https://zaiim.com,1,tranco
https://ultradns.net,1,tranco
https://bezeq.co.il,1,tranco
https://lvh.systems,1,tranco
https://liwest.at,1,tranco
https://baidu-itm.com,1,tranco
https://wegic.ai,1,tranco
https://kantoromega.pl,1,tranco
https://parspack.co,1,tranco
https://partnersinprivate.com,1,tranco
https://fanza.co.jp,1,tranco
https://luckcoreworld.co.uk,1,tranco
https://selfstudys.com,1,tranco
https://1a-stellenmarkt.de,1,tranco
https://wistia.net,1,tranco
https://linualsut.ru,1,tranco
https://biography.com,1,tranco
https://golang.org,1,tranco
https://cac.gov.ng,1,tranco
https://nt.technology,1,tranco
https://mau.edu.eg,1,tranco
https://megapeer.vip,1,tranco
https://jsdelivr.net,1,tranco
https://pureelegance-decor.com,1,tranco
https://optinadserving.com,1,tranco
https://mundosenior.es,1,tranco
https://youthconnekt.in,1,tranco
https://zaubee.com,1,tranco
https://jaht68-s68d-sja1.com,1,tranco
https://mose-mail.jp,1,tranco
https://samaralan.ru,1,tranco
https://webdamdb.com,1,tranco
https://nxvms.cloud,1,tranco
https://marinespecies.org,1,tranco
https://csdn.net,1,tranco
https://silent-basis.pro,1,tranco
https://isnssdk.com,1,tranco
https://mobilize.io,1,tranco
https://amazonaws.com.cn,1,tranco
https://fap-guru.site,1,tranco
https://fuego.io,1,tranco
https://chartdigest.co.uk,1,tranco
https://magicpin.in,1,tranco
https://ruffledblog.com,1,tranco
https://fastaccounts.io,1,tranco
https://rtcfront.net,1,tranco
https://tp.st,1,tranco
https://bonidollars.ca,1,tranco
https://bc.edu,1,tranco
https://raddns.com,1,tranco
https://carolinaherrera.com,1,tranco
https://filmaffinity.com,1,tranco
https://jysk.sk,1,tranco
https://atcpulsa.store,1,tranco
https://negativland.com,1,tranco
https://cbiz.com,1,tranco
https://ordermanzer.mu,1,tranco
https://myshopify.com,1,tranco
https://ksu.ac.th,1,tranco
https://sian.it,1,tranco
https://sexvid.pro,1,tranco
https://polk-fl.net,1,tranco
https://communia-project.eu,1,tranco
https://limonada.cl,1,tranco
https://go360iq.com,1,tranco
https://matholic.com,1,tranco
https://saps.gov.za,1,tranco
https://connect-visit.com,1,tranco
https://elasticbeanstalk.com,1,tranco
https://pcre.org,1,tranco
https://yimg.jp,1,tranco
https://metaporn.com,1,tranco
https://newindianxxx.com,1,tranco
https://llud.co.kr,1,tranco
https://curl.se,1,tranco
https://mysteriumvpn.com,1,tranco
https://etsy.com,1,tranco
https://servientrega.com,1,tranco
https://mmafighting.com,1,tranco
https://productive.io,1,tranco
https://5833.casino,1,tranco
https://autorentalnews.com,1,tranco
https://ermila-store.ru,1,tranco
https://prismaaccess.com,1,tranco
https://swiftkey.com,1,tranco
https://w55c.net,1,tranco
https://datanode-internal.net,1,tranco
https://sirisystematic.com,1,tranco
https://nestglint.com,1,tranco
https://it-garage.network,1,tranco
https://eac.gov,1,tranco
https://cute-jk.com,1,tranco
https://ukcelebrities.co.uk,1,tranco
https://adnxtr.com,1,tranco
https://citrixworkspacesapi.net,1,tranco
https://outlookindia.com,1,tranco
https://hermoney.com,1,tranco
https://trasre.com,1,tranco
https://ecobuy.ltd,1,tranco
https://taikunpharma.com,1,tranco
https://whitehouseblackmarket.com,1,tranco
https://kovako.sk,1,tranco
https://talentics.id,1,tranco
https://gea.com,1,tranco
https://stabletransit.com,1,tranco
https://mcpuwpsh.com,1,tranco
https://e-ncp.com,1,tranco
https://teleparty.com,1,tranco
https://uec.ac.jp,1,tranco
https://perception-point.io,1,tranco
https://gofundme.com,1,tranco
https://awsdns-22.com,1,tranco
https://izgotovit-znachki-metalicheskie.ru,1,tranco
https://regex101.com,1,tranco
https://paducahky.gov,1,tranco
https://prweb.net,1,tranco
https://bimmerpost.com,1,tranco
https://smarturl.click,1,tranco
https://shopsy.in,1,tranco
https://tu-dinero.org,1,tranco
https://timesofisrael.com,1,tranco
https://direct-protection.nl,1,tranco
https://hanime.tv,1,tranco
https://namirial.it,1,tranco
https://premierleague.com,1,tranco
https://redwap.tv,1,tranco
https://vhub.pro,1,tranco
https://sdpay.co.in,1,tranco
https://illuminateed.com,1,tranco
https://europapress.es,1,tranco
https://dictzone.com,1,tranco
https://tlovertonet.com,1,tranco
https://parkme.com,1,tranco
https://sain-clarte.com,1,tranco
https://moveelectric.com,1,tranco
https://oyens.com,1,tranco
https://darik.news,1,tranco
https://redgifs.com,1,tranco
https://unisba.ac.id,1,tranco
https://pw.live,1,tranco
https://mediktest.ru,1,tranco
https://zoho.jp,1,tranco
https://seloger.com,1,tranco
https://bma.org.uk,1,tranco
https://cinefabrique.fr,1,tranco
https://blocket.se,1,tranco
https://ibspot.com,1,tranco
https://booth.pm,1,tranco
https://123encre.be,1,tranco
https://ppay.me,1,tranco
https://ning.com,1,tranco
https://betcity.net,1,tranco
https://printerval.com,1,tranco
https://suning.com,1,tranco
https://fisb.it,1,tranco
https://kofax.com,1,tranco
https://werkenntdenbesten.de,1,tranco
https://vintageparts.eu,1,tranco
https://wikidata.org,1,tranco
https://exfoexchange.com,1,tranco
https://found.io,1,tranco
https://cmsms.org,1,tranco
https://edmentum.com,1,tranco
https://bplans.com,1,tranco
https://ufob.edu.br,1,tranco
https://fraganciatotal.com,1,tranco
https://barimatrimony.com,1,tranco
https://chalkbucket.com,1,tranco
https://bancodata.com.br,1,tranco
https://uma-jin.net,1,tranco
https://proquest.com,1,tranco
https://liadm.com,1,tranco
https://parkingcrew.net,1,tranco
https://usmagazine.com,1,tranco
https://financialpost.com,1,tranco
https://hi-tech.md,1,tranco
https://ruhr24.de,1,tranco
https://google.sh,1,tranco
https://tradeinn.com,1,tranco
https://inn.eu,1,tranco
https://blackwells.co.uk,1,tranco
https://fmdiff.com,1,tranco
https://uma.xyz,1,tranco
https://awsdns-60.net,1,tranco
https://ucsd.edu,1,tranco
https://gofastchat.com,1,tranco
https://edusite.ru,1,tranco
https://51pg59.com,1,tranco
https://indiankanoon.org,1,tranco
https://ferrotramviaria.it,1,tranco
https://socialcapitalpartners.ca,1,tranco
https://mowplayer.com,1,tranco
https://webwiki.ch,1,tranco
https://microbehunter.com,1,tranco
https://mobrtb.com,1,tranco
https://notizseite.de,1,tranco
https://ugtelset.ru,1,tranco
https://vfc.com,1,tranco
https://moose.gg,1,tranco
https://cloudappsecurity.com,1,tranco
https://xhname.com,1,tranco
https://pp.ua,1,tranco
https://hdhub4u.limo,1,tranco
https://udacity.com,1,tranco
https://oslobodjenje.ba,1,tranco
https://live.com,1,tranco
https://mixerparanas.ru,1,tranco
https://ffoc.shop,1,tranco
https://visitmontaione.com,1,tranco
https://xhamster45.desi,1,tranco
https://cults3d.com,1,tranco
https://ontheissues.org,1,tranco
https://luckynitez.nl,1,tranco
https://snapsave.app,1,tranco
https://loggly.com,1,tranco
https://publi24.ro,1,tranco
https://marinadivenezia.it,1,tranco
https://swb-busundbahn.de,1,tranco
https://kct.ac.in,1,tranco
https://selfhtml.org,1,tranco
https://topvid.tv,1,tranco
https://weixinac.com,1,tranco
https://inkuai.com,1,tranco
https://workday.com,1,tranco
https://headgearbd.com,1,tranco
https://5movierulz.soccer,1,tranco
https://didox.uz,1,tranco
https://hltv.org,1,tranco
https://jugabet.cl,1,tranco
https://pubscale.com,1,tranco
https://zonneplan.nl,1,tranco
https://aceprime.co.uk,1,tranco
https://shaalaa.com,1,tranco
https://snaptube.com,1,tranco
https://aimbit.com,1,tranco
https://history.com,1,tranco
https://weareher.com,1,tranco
https://0wikipedia.org,1,tranco
https://phoenix-browser-update.ru,1,tranco
https://botbotik.ru,1,tranco
https://awsdns-59.org,1,tranco
https://ricoh.com,1,tranco
https://trawlerforum.com,1,tranco
https://dnspod.com,1,tranco
https://hellkaiv.net,1,tranco
https://frontegg.com,1,tranco
https://policybazaar.ae,1,tranco
https://ons.gov.uk,1,tranco
https://monext.fr,1,tranco
https://eenadupellipandiri.net,1,tranco
https://toutpourlejeu.com,1,tranco
https://hoe.com.ua,1,tranco
https://tktube.com,1,tranco
https://srv224.com,1,tranco
https://retiolus.net,1,tranco
https://123av.com,1,tranco
https://heyzap.com,1,tranco
https://energobelarus.by,1,tranco
https://anikai.to,1,tranco
https://blogpunkteplus.ch,1,tranco
https://rpvip3.win,1,tranco
https://a-mx.com,1,tranco
https://captioncall.com,1,tranco
https://discoverhealing.com,1,tranco
https://we.tl,1,tranco
https://sharekhan.com,1,tranco
https://darknaija.com,1,tranco
https://tio.pl,1,tranco
https://websense.net,1,tranco
https://zoho.eu,1,tranco
https://fda.gov,1,tranco
https://jpnumber.com,1,tranco
https://campusweb.cloud,1,tranco
https://shorturl.at,1,tranco
https://yappboz.com.tr,1,tranco
https://character.ai,1,tranco
https://jurist.org,1,tranco
https://eagleagent.com.au,1,tranco
https://dreambaby.be,1,tranco
https://mobisystems.com,1,tranco
https://mlstatic.com,1,tranco
https://stat.go.jp,1,tranco
https://tld.sy,1,tranco
https://voyage-prive.com,1,tranco
https://bambulab.com,1,tranco
https://brainydns.com,1,tranco
https://freshserver.nu,1,tranco
https://freelancer.com,1,tranco
https://milesplit.live,1,tranco
https://7170casino.click,1,tranco
https://japierpapier.pl,1,tranco
https://poncy.org,1,tranco
https://truvidplayer.com,1,tranco
https://radio.menu,1,tranco
https://sattamatkadpboss.mobi,1,tranco
https://stellantisnorthamerica.com,1,tranco
https://0x0.guru,1,tranco
https://memeosupdates.com,1,tranco
